<?xml version="1.0" encoding="UTF-8" standalone="yes"?>
<addon id="repository.mykodi"
       name="MyKodi Repo"
       version="1.0.0"
       provider-name="gusmin1975">

  <requires>
    <import addon="xbmc.addon" version="12.0.0"/>
  </requires>

  <extension point="xbmc.addon.repository">
    <info>https://gusmin1975.github.io/MyKodi/addons.xml</info>
    <checksum>https://gusmin1975.github.io/MyKodi/addons.xml.md5</checksum>
    <datadir zip="true">https://gusmin1975.github.io/MyKodi/zips/</datadir>
  </extension>

  <extension point="xbmc.addon.metadata">
    <summary>MyKodi Repo</summary>
    <description>Official MyKodi repository</description>
    <platform>all</platform>
  </extension>
</addon>